Exact File Name,Formatted Name,File Path
angkor_wat_temple_cambodia.glb,Angkor Wat Temple Cambodia,/Users/mmadhusudan/Desktop/MyProject/My3DModels/angkor_wat_temple_cambodia.glb
terracotta_warrior.glb,Terracotta Warrior,/Users/mmadhusudan/Desktop/MyProject/My3DModels/terracotta_warrior.glb
parthenon_-_acropolis_athens_greece.glb,Parthenon   Acropolis Athens Greece,/Users/mmadhusudan/Desktop/MyProject/My3DModels/parthenon_-_acropolis_athens_greece.glb
14th_century_great_wall.glb,14Th Century Great Wall,/Users/mmadhusudan/Desktop/MyProject/My3DModels/14th_century_great_wall.glb
westminster_abbey.glb,Westminster Abbey,/Users/mmadhusudan/Desktop/MyProject/My3DModels/westminster_abbey.glb
chichen_itza_pyramid_3d_reconstruction.glb,Chichen Itza Pyramid 3D Reconstruction,/Users/mmadhusudan/Desktop/MyProject/My3DModels/chichen_itza_pyramid_3d_reconstruction.glb
ruin_on_top_of_meteora.glb,Ruin On Top Of Meteora,/Users/mmadhusudan/Desktop/MyProject/My3DModels/ruin_on_top_of_meteora.glb
excavation_of_the_medina_calatrava_la_vieja.glb,Excavation Of The Medina Calatrava La Vieja,/Users/mmadhusudan/Desktop/MyProject/My3DModels/excavation_of_the_medina_calatrava_la_vieja.glb
neuschwanstein_castle_bavaria_germany.glb,Neuschwanstein Castle Bavaria Germany,/Users/mmadhusudan/Desktop/MyProject/My3DModels/neuschwanstein_castle_bavaria_germany.glb
sydney_opera_house_sydney_australia.glb,Sydney Opera House Sydney Australia,/Users/mmadhusudan/Desktop/MyProject/My3DModels/sydney_opera_house_sydney_australia.glb
notre_dame_cathedral__work_in_progress.glb,Notre Dame Cathedral  Work In Progress,/Users/mmadhusudan/Desktop/MyProject/My3DModels/notre_dame_cathedral__work_in_progress.glb
model_of_pompeii_in_naples_archaeological_museum.glb,Model Of Pompeii In Naples Archaeological Museum,/Users/mmadhusudan/Desktop/MyProject/My3DModels/model_of_pompeii_in_naples_archaeological_museum.glb
lascaux.glb,Lascaux,/Users/mmadhusudan/Desktop/MyProject/My3DModels/lascaux.glb
templo_epiatorio_da_sagrada_familia.glb,Templo Epiatorio Da Sagrada Familia,/Users/mmadhusudan/Desktop/MyProject/My3DModels/templo_epiatorio_da_sagrada_familia.glb
.DS_Store,.Ds Store,/Users/mmadhusudan/Desktop/MyProject/My3DModels/.DS_Store
mont-saint-michel_france.glb,Mont Saint Michel France,/Users/mmadhusudan/Desktop/MyProject/My3DModels/mont-saint-michel_france.glb
ellora_caves__india.glb,Ellora Caves  India,/Users/mmadhusudan/Desktop/MyProject/My3DModels/ellora_caves__india.glb
cliff_palace_mesa_verde_colorado.glb,Cliff Palace Mesa Verde Colorado,/Users/mmadhusudan/Desktop/MyProject/My3DModels/cliff_palace_mesa_verde_colorado.glb
cn_tower_scan_-_toronto.glb,Cn Tower Scan   Toronto,/Users/mmadhusudan/Desktop/MyProject/My3DModels/cn_tower_scan_-_toronto.glb
parthenon_-_acropolis_athens_greece (1).glb,Parthenon   Acropolis Athens Greece (1),/Users/mmadhusudan/Desktop/MyProject/My3DModels/parthenon_-_acropolis_athens_greece (1).glb
martinskapelle.glb,Martinskapelle,/Users/mmadhusudan/Desktop/MyProject/My3DModels/martinskapelle.glb
alcatraz.glb,Alcatraz,/Users/mmadhusudan/Desktop/MyProject/My3DModels/alcatraz.glb
shah_alam_blue_mosque.glb,Shah Alam Blue Mosque,/Users/mmadhusudan/Desktop/MyProject/My3DModels/shah_alam_blue_mosque.glb
statue_of_liberty.glb,Statue Of Liberty,/Users/mmadhusudan/Desktop/MyProject/My3DModels/statue_of_liberty.glb
alhambra_palace_fortress_granada_spain.glb,Alhambra Palace Fortress Granada Spain,/Users/mmadhusudan/Desktop/MyProject/My3DModels/alhambra_palace_fortress_granada_spain.glb
milan_cathedral.glb,Milan Cathedral,/Users/mmadhusudan/Desktop/MyProject/My3DModels/milan_cathedral.glb
prague_castle_prague_czech_republic.glb,Prague Castle Prague Czech Republic,/Users/mmadhusudan/Desktop/MyProject/My3DModels/prague_castle_prague_czech_republic.glb
jerusalem_1st._temple_period._blmj_museum.glb,Jerusalem 1St. Temple Period. Blmj Museum,/Users/mmadhusudan/Desktop/MyProject/My3DModels/jerusalem_1st._temple_period._blmj_museum.glb
petra_detail.glb,Petra Detail,/Users/mmadhusudan/Desktop/MyProject/My3DModels/petra_detail.glb
guggenheim_nyc.glb,Guggenheim Nyc,/Users/mmadhusudan/Desktop/MyProject/My3DModels/guggenheim_nyc.glb
free__burj_khalifa_dubai.glb,Free  Burj Khalifa Dubai,/Users/mmadhusudan/Desktop/MyProject/My3DModels/free__burj_khalifa_dubai.glb
model_st._basils_cathedral_red_square.glb,Model St. Basils Cathedral Red Square,/Users/mmadhusudan/Desktop/MyProject/My3DModels/model_st._basils_cathedral_red_square.glb
stonehenge_england_-_vr.glb,Stonehenge England   Vr,/Users/mmadhusudan/Desktop/MyProject/My3DModels/stonehenge_england_-_vr.glb
forbidden_city_model_-.glb,Forbidden City Model  ,/Users/mmadhusudan/Desktop/MyProject/My3DModels/forbidden_city_model_-.glb
pantheon_rome_italy.glb,Pantheon Rome Italy,/Users/mmadhusudan/Desktop/MyProject/My3DModels/pantheon_rome_italy.glb
lincoln_memorial.glb,Lincoln Memorial,/Users/mmadhusudan/Desktop/MyProject/My3DModels/lincoln_memorial.glb
cologne_cathedral.glb,Cologne Cathedral,/Users/mmadhusudan/Desktop/MyProject/My3DModels/cologne_cathedral.glb
seattle_space_needle.glb,Seattle Space Needle,/Users/mmadhusudan/Desktop/MyProject/My3DModels/seattle_space_needle.glb
mar_saba_monastery__-rawscan.glb,Mar Saba Monastery   Rawscan,/Users/mmadhusudan/Desktop/MyProject/My3DModels/mar_saba_monastery__-rawscan.glb
leaning_tower_of_pisa.glb,Leaning Tower Of Pisa,/Users/mmadhusudan/Desktop/MyProject/My3DModels/leaning_tower_of_pisa.glb
himeji_castle_himeji_hyogo_japan.glb,Himeji Castle Himeji Hyogo Japan,/Users/mmadhusudan/Desktop/MyProject/My3DModels/himeji_castle_himeji_hyogo_japan.glb
mesa_verde_national_park.glb,Mesa Verde National Park,/Users/mmadhusudan/Desktop/MyProject/My3DModels/mesa_verde_national_park.glb
tower_bridge.glb,Tower Bridge,/Users/mmadhusudan/Desktop/MyProject/My3DModels/tower_bridge.glb
laitse_radio_station.glb,Laitse Radio Station,/Users/mmadhusudan/Desktop/MyProject/My3DModels/laitse_radio_station.glb
arc_de_triomphe.glb,Arc De Triomphe,/Users/mmadhusudan/Desktop/MyProject/My3DModels/arc_de_triomphe.glb
cave_hotel_cappadocia.glb,Cave Hotel Cappadocia,/Users/mmadhusudan/Desktop/MyProject/My3DModels/cave_hotel_cappadocia.glb
arc_de_triomphe_-_portal.glb,Arc De Triomphe   Portal,/Users/mmadhusudan/Desktop/MyProject/My3DModels/arc_de_triomphe_-_portal.glb
vatican_and_st._peter_basilica.glb,Vatican And St. Peter Basilica,/Users/mmadhusudan/Desktop/MyProject/My3DModels/vatican_and_st._peter_basilica.glb
cathedral_of_santa_maria_del_fiore.glb,Cathedral Of Santa Maria Del Fiore,/Users/mmadhusudan/Desktop/MyProject/My3DModels/cathedral_of_santa_maria_del_fiore.glb
palace_of_versailles.glb,Palace Of Versailles,/Users/mmadhusudan/Desktop/MyProject/My3DModels/palace_of_versailles.glb
saint_basils_cathedral_3d_model.glb,Saint Basils Cathedral 3D Model,/Users/mmadhusudan/Desktop/MyProject/My3DModels/saint_basils_cathedral_3d_model.glb
moai_easter_island_statue.glb,Moai Easter Island Statue,/Users/mmadhusudan/Desktop/MyProject/My3DModels/moai_easter_island_statue.glb
mt_rushmore.glb,Mt Rushmore,/Users/mmadhusudan/Desktop/MyProject/My3DModels/mt_rushmore.glb
the_great_sphinx_of_giza.glb,The Great Sphinx Of Giza,/Users/mmadhusudan/Desktop/MyProject/My3DModels/the_great_sphinx_of_giza.glb
petronas_towers_voxel.glb,Petronas Towers Voxel,/Users/mmadhusudan/Desktop/MyProject/My3DModels/petronas_towers_voxel.glb
pyramid_of_menkaure_giza_pyramid_complex_egypt.glb,Pyramid Of Menkaure Giza Pyramid Complex Egypt,/Users/mmadhusudan/Desktop/MyProject/My3DModels/pyramid_of_menkaure_giza_pyramid_complex_egypt.glb
petronas_twin_towers.glb,Petronas Twin Towers,/Users/mmadhusudan/Desktop/MyProject/My3DModels/petronas_twin_towers.glb
golden_gate_bridge.glb,Golden Gate Bridge,/Users/mmadhusudan/Desktop/MyProject/My3DModels/golden_gate_bridge.glb
tour_eiffel_-_eiffel_tower.glb,Tour Eiffel   Eiffel Tower,/Users/mmadhusudan/Desktop/MyProject/My3DModels/tour_eiffel_-_eiffel_tower.glb
taj_mahal_3d_model.glb,Taj Mahal 3D Model,/Users/mmadhusudan/Desktop/MyProject/My3DModels/taj_mahal_3d_model.glb
colosseum_rome_italy.glb,Colosseum Rome Italy,/Users/mmadhusudan/Desktop/MyProject/My3DModels/colosseum_rome_italy.glb
christ_the_redeemer_rio_de_janeiro.glb,Christ The Redeemer Rio De Janeiro,/Users/mmadhusudan/Desktop/MyProject/My3DModels/christ_the_redeemer_rio_de_janeiro.glb
palace_of_westminster.glb,Palace Of Westminster,/Users/mmadhusudan/Desktop/MyProject/My3DModels/palace_of_westminster.glb
sw_angkor_entrance_2.glb,Sw Angkor Entrance 2,/Users/mmadhusudan/Desktop/MyProject/My3DModels/sw_angkor_entrance_2.glb
the_charterhouse_chapel.glb,The Charterhouse Chapel,/Users/mmadhusudan/Desktop/MyProject/My3DModels/the_charterhouse_chapel.glb
cour_du_chateau_de_chambord.glb,Cour Du Chateau De Chambord,/Users/mmadhusudan/Desktop/MyProject/My3DModels/cour_du_chateau_de_chambord.glb
elizabeth_tower_big_ben.glb,Elizabeth Tower Big Ben,/Users/mmadhusudan/Desktop/MyProject/My3DModels/elizabeth_tower_big_ben.glb
candi_prambanan_low_poly.glb,Candi Prambanan Low Poly,/Users/mmadhusudan/Desktop/MyProject/My3DModels/candi_prambanan_low_poly.glb
casa_dello_scheletro_at_herculaneum.glb,Casa Dello Scheletro At Herculaneum,/Users/mmadhusudan/Desktop/MyProject/My3DModels/casa_dello_scheletro_at_herculaneum.glb
palace_of_the_popes_avignon_france.glb,Palace Of The Popes Avignon France,/Users/mmadhusudan/Desktop/MyProject/My3DModels/palace_of_the_popes_avignon_france.glb
buckingham_palace.glb,Buckingham Palace,/Users/mmadhusudan/Desktop/MyProject/My3DModels/buckingham_palace.glb
brandenburg_gate_germany.glb,Brandenburg Gate Germany,/Users/mmadhusudan/Desktop/MyProject/My3DModels/brandenburg_gate_germany.glb
intipunku_peru.glb,Intipunku Peru,/Users/mmadhusudan/Desktop/MyProject/My3DModels/intipunku_peru.glb
petronas_towers.glb,Petronas Towers,/Users/mmadhusudan/Desktop/MyProject/My3DModels/petronas_towers.glb
edinburgh_castle_and_cubic_buildings_-_scotland.glb,Edinburgh Castle And Cubic Buildings   Scotland,/Users/mmadhusudan/Desktop/MyProject/My3DModels/edinburgh_castle_and_cubic_buildings_-_scotland.glb
the_louvre.glb,The Louvre,/Users/mmadhusudan/Desktop/MyProject/My3DModels/the_louvre.glb
