Exact File Name,Proper Name,Description,Timeline/Era,File Path
angkor_wat_temple_cambodia.glb,Angkor Wat Temple Cambodia,"Angkor wat temple cambodia

angkor wat is a vast temple complex in cambodia, built during the khmer empire in the 12th century by king suryavarman ii. it is the largest religious monument in the world, spanning over 400 acres.

historical.","9th century: jayavarman ii establishes the khmer empire, beginning the angkorian period.
 10th-11th centuries: construction of smaller temples in the angkor area.
 12th century:
     1113: suryavarman ii begins construction of angkor wat.
     1150s: angkor wat is completed.
 13th-14th centuries: angkorian empire reaches its peak, with angkor wat serving as the royal temple.
 15th century: angkor wat is abandoned after the decline of the khmer empire.
 16th-19th centuries: angkor wat remains a pilgrimage site for buddhists and hindus.
 19th century: french explorers rediscover angkor wat, leading to its restoration and international fame.
 20th century: continued restoration and preservation efforts.",/Users/mmadhusudan/Desktop/MyProject/My3DModels/angkor_wat_temple_cambodia.glb
terracotta_warrior.glb,Terracotta Warrior,"Terracotta warrior

the terracotta warriors are life-sized terracotta sculptures of warriors, horses, and chariots that were buried with the first emperor of china, qin shi huang. the warriors were discovered in 1974 near xi'an, china. the figures were created in the 3rd century bce during the qin dynasty (221-206 bce).

the terracotta warriors are one of the most important archaeological discoveries of the 20th century. they provide a unique glimpse into the culture and technology of ancient china. the warriors are also a testament to the power and wealth of the qin dynasty.",Era not specified.,/Users/mmadhusudan/Desktop/MyProject/My3DModels/terracotta_warrior.glb
parthenon_-_acropolis_athens_greece.glb,Parthenon   Acropolis Athens Greece,"Parthenon, acropolis, athens, greece

description:
the parthenon is an iconic greek temple located atop the acropolis of athens. its majestic doric architecture and exquisite sculptures showcase the height of classical greek art and architecture.","C. 447-438 bce: constructed during the athenian golden age, under the leadership of pericles.
 c. 438 bce: dedication of the temple to the goddess athena parthenos.
 5th-6th centuries ce: converted into a christian church dedicated to the virgin mary.
 15th century ce: converted into a mosque after the ottoman conquest of athens.
 1687 ce: severely damaged during the venetian siege of athens.
 19th century ce: extensive restoration efforts began under the greek government.
 present day: the parthenon remains one of the most important architectural landmarks in the world, attracting millions of visitors annually.

historical era:
classical greek period (c. 5th-4th centuries bce).",/Users/mmadhusudan/Desktop/MyProject/My3DModels/parthenon_-_acropolis_athens_greece.glb
14th_century_great_wall.glb,14Th Century Great Wall,"14th century great wall

historical period: yuan dynasty (1271-1368)

description:

the 14th century great wall refers to the extensive fortifications and watchtowers constructed during the yuan dynasty to protect china's northern border from nomadic raiders.","Early 14th century: emperor kublai khan initiated major construction and repairs along the existing great wall.
 mid-14th century: construction focused on sections of the great wall in northern and northeastern china.
 late 14th century: the ming dynasty overthrew the yuan and continued to maintain and expand the great wall.

historical significance:

the 14th century great wall was a testament to the advanced military engineering skills of the yuan dynasty. it played a crucial role in defending china from invasions and securing stability along its northern frontiers.",/Users/mmadhusudan/Desktop/MyProject/My3DModels/14th_century_great_wall.glb
westminster_abbey.glb,Westminster Abbey,"Westminster abbey

description:

westminster abbey is a magnificent gothic cathedral located in london, england. it is one of the most iconic religious buildings in the united kingdom and has served as the coronation church for english monarchs since 1066.

historical.","Pre-norman period (c. 616-1066):
 site of a monastery dedicated to st. peter founded by king sebert of essex.

norman era (1066-1189):
 edward the confessor rebuilt the abbey in the romanesque style in the 11th century.
 1066: william the conqueror crowned in the abbey, establishing its status as the coronation site.
 1095: rededicated by abbot gislebert.

early gothic period (1189-1245):
 henry iii rebuilt the abbey in the gothic style, beginning in 1245.

high gothic period (1245-1485):
 construction of the nave, transepts, and lady chapel completed.
 burials of numerous english kings and queens.

late gothic period (1485-1558):
 henry vii added the henry vii lady chapel, a masterpiece of tudor architecture.

tudor era (1485-1603):
 dissolution of the monasteries under henry viii.
 westminster abbey became a royal peculiar, directly under the authority of the monarch.

stuart era (1603-1714):
 further burials and coronations of british monarchs.

georgian era (1714-1837):
 george ii's coronation in 1727 marked the last coronation to use an anointing chair.
 burials of many famous individuals, including writers, scientists, and politicians.

victorian era (1837-1901):
 revival of gothic architecture in the abbey.
 installation of stained glass windows by victorian artists.

modern period (post-1901):
 restoration and conservation efforts.
 westminster abbey continues to serve as a coronation church and a place of worship and pilgrimage.",/Users/mmadhusudan/Desktop/MyProject/My3DModels/westminster_abbey.glb
chichen_itza_pyramid_3d_reconstruction.glb,Chichen Itza Pyramid 3D Reconstruction,"Chichen itza pyramid 3d reconstruction

this 3d reconstruction visualizes the grandeur of pyramid 3d within the ancient mayan city of chichen itza. its estimated historical timeline is as follows:

pre-classic period (c. 2000-250 bce):
 construction of early structures and platforms on the site of pyramid 3d.

classic period (c. 250-900 ce):
 major expansion and fortification of chichen itza.
 construction of pyramid 3d, believed to have been completed around 800 ce.
 its use as a temple and a sacred site.

post-classic period (c. 900-1524 ce):
 decline of chichen itza.
 pyramid 3d continued to be used as a ceremonial center.

colonial period (1524-1821 ce):
 spanish conquest of the region.
 abandonment and decay of chichen itza.",Era not specified.,/Users/mmadhusudan/Desktop/MyProject/My3DModels/chichen_itza_pyramid_3d_reconstruction.glb
ruin_on_top_of_meteora.glb,Ruin On Top Of Meteora,"Ruin on top of meteora

description:

the ruin on top of meteora is a partially preserved monastery located atop a towering sandstone pillar in the meteora region of greece. it is one of the six active eastern orthodox monasteries built on the natural spires of meteora during the byzantine and ottoman periods.

historical.","14th-15th centuries: the monastery is believed to have been founded by a hermit monk named athanasios.
 16th century: the monastery is mentioned in historical documents as ""meteora's castle,"" indicating its defensive role during the ottoman invasion.
 17th-18th centuries: the monastery flourished, with the construction of a church, refectory, and other structures.
 19th century: the monastery was abandoned due to earthquakes and declining monastic population.
 20th century: the monastery was partially restored and designated a unesco world heritage site.

historical era:

the ruin on top of meteora belongs to the byzantine and ottoman periods, from the 14th to the 19th centuries. the monastery reflects the rich religious and architectural traditions of these historical eras.",/Users/mmadhusudan/Desktop/MyProject/My3DModels/ruin_on_top_of_meteora.glb
excavation_of_the_medina_calatrava_la_vieja.glb,Excavation Of The Medina Calatrava La Vieja,"Excavation of the medina calatrava la vieja

historical.","11th-13th century: founding and fortification of the medieval fortress city of medina calatrava la vieja by the knights of calatrava.
 13th-15th century: period of prosperity and expansion, with the city serving as an important strategic location in the reconquista.
 1484-1507: reign of queen isabella i of castile, who ordered the rebuilding of the city walls and fortifications.
 16th-17th century: decline of the city and gradual abandonment.
 20th century: archaeological excavations begin, revealing the remains of the once-thriving urban center.
 21st century: ongoing excavations and research continue to shed light on the city's medieval past.

historical era:

 high middle ages (11th-13th century)
 late middle ages (14th-15th century).",/Users/mmadhusudan/Desktop/MyProject/My3DModels/excavation_of_the_medina_calatrava_la_vieja.glb
neuschwanstein_castle_bavaria_germany.glb,Neuschwanstein Castle Bavaria Germany,"Neuschwanstein castle, bavaria, germany

neuschwanstein castle is a 19th-century romantic revival palace located in the bavarian alps, germany. it was commissioned by ludwig ii of bavaria as a personal retreat and a testament to his love of medieval architecture. the castle was designed by christian jank and ludwig himself, and its construction began in 1869. neuschwanstein was intended to evoke the fantasy castles of the middle ages, and it features a variety of elaborate towers, turrets, and crenellations. the interior of the castle is equally impressive, with richly decorated rooms and opulent furnishings.

historical timeline

 1869: construction of neuschwanstein begins.
 1886: ludwig ii dies before the castle is completed.
 1886-1892: neuschwanstein is opened to the public.
 1945: the castle is damaged during world war ii.
 1950s-1960s: extensive restoration work is undertaken on the castle.
 present: neuschwanstein is one of the most popular tourist destinations in germany.

historical era or period

neuschwanstein castle belongs to the romantic revival era, which was a style of architecture that flourished in the 19th century. the romantic revival style was characterized by its use of medieval and gothic motifs, and it was often used for the construction of castles and other romantic-themed buildings.",Era not specified.,/Users/mmadhusudan/Desktop/MyProject/My3DModels/neuschwanstein_castle_bavaria_germany.glb
sydney_opera_house_sydney_australia.glb,Sydney Opera House Sydney Australia,"Sydney opera house, sydney, australia

description:
an iconic performing arts center renowned for its distinctive sail-like roof. designed by danish architect jørn utzon, it has become a symbol of modern architecture and australia's cultural identity.

historical.","Late modernism era (1950s-1970s)

 1957: international design competition announced, won by jørn utzon
 1959: construction begins
 1966: exterior shell and roof framework completed
 1973: official opening ceremony

postmodern era (1970s-1990s)

 1990: utzon's alterations to the interior are rejected, leading to his resignation
 1995: sydney opera house trust established to manage the venue

contemporary era (1990s-present)

 1998-2006: major restoration and refurbishment project
 2007: unesco world heritage site designation
 2016: utzon's original plans for the interior are realized.",/Users/mmadhusudan/Desktop/MyProject/My3DModels/sydney_opera_house_sydney_australia.glb
notre_dame_cathedral__work_in_progress.glb,Notre Dame Cathedral  Work In Progress,"Name: notre dame cathedral work in progress

historical period: medieval, gothic architecture.","1163: construction begins during the reign of king louis vii.

12th-13th century: main structure and iconic twin towers are completed.

13th century: stained glass windows and rose windows added.

14th-15th century: various additions and renovations, including the flying buttresses.

16th-17th century: minor alterations and repairs.

18th-19th century: restoration and modernization efforts, led by architects viollet-le-duc and jean-baptiste lassus.

19th-20th century: continued maintenance and updates.

2019: devastating fire damages the roof, spire, and transept.

2020: reconstruction efforts begin, aiming to restore the cathedral to its former glory.",/Users/mmadhusudan/Desktop/MyProject/My3DModels/notre_dame_cathedral__work_in_progress.glb
model_of_pompeii_in_naples_archaeological_museum.glb,Model Of Pompeii In Naples Archaeological Museum,"Model of pompeii in naples archaeological museum

the model of pompeii is a 1:100 scale model of the ancient roman city of pompeii, created in 1861-1879 by giuseppe fiorelli. it is housed in the naples archaeological museum.

historical.","79 ce: pompeii destroyed by the eruption of mount vesuvius.
 1748: excavations of pompeii begin.
 1861-1879: giuseppe fiorelli creates the model of pompeii.
 1960s: model undergoes restoration.

historical era:

roman empire, 1st century ce.",/Users/mmadhusudan/Desktop/MyProject/My3DModels/model_of_pompeii_in_naples_archaeological_museum.glb
lascaux.glb,Lascaux,"Lascaux cave

description:

lascaux cave is renowned for its prehistoric cave paintings, depicting animals, humans, and abstract symbols. the paintings are remarkable for their artistic skill and vibrant colors.

historical.","Paleolithic era:
     estimated to have been painted between 17,000 and 15,000 years ago
 20th century:
     discovered in 1940 by four teenagers
     opened to the public in 1948
 1963:
     closed to the public due to deterioration caused by uncontrolled tourism
 1983:
     a replica, lascaux ii, opened nearby
 present:
     remains closed to the public, with only scientists and conservationists permitted inside
     lascaux iv, a high-resolution virtual reality tour, opened in 2016 for the general public to experience the cave.",/Users/mmadhusudan/Desktop/MyProject/My3DModels/lascaux.glb
templo_epiatorio_da_sagrada_familia.glb,Templo Epiatorio Da Sagrada Familia,"Templo expiatorio de la sagrada familia

description:
the 'temple expiatory of the sagrada familia' is an iconic basilica located in barcelona, spain, known for its intricate gothic and art nouveau architecture. its design incorporates religious and secular elements, symbolizing the union between faith and the natural world.

historical.","1882: construction begins under the direction of architect francisco de paula del villar
 1883: antoni gaudí takes over as chief architect and introduces his distinctive style
 1892-1910: gaudí develops the basilica's overall design, including the nativity facade
 1926: gaudí dies, leaving the basilica incomplete
 1954-present: various architects continue construction based on gaudí's plans
 2010: the basilica is consecrated by pope benedict xvi

historical era:
the sagrada familia belongs to the modernist era (1890-1910), which saw the emergence of new architectural styles that rejected traditional forms and embraced organic and decorative elements.",/Users/mmadhusudan/Desktop/MyProject/My3DModels/templo_epiatorio_da_sagrada_familia.glb
.DS_Store,.Ds Store,"Description: `.ds_store` is a hidden file created by apple's finder application on macintosh operating systems. it stores metadata about the directory it resides in, such as icon view settings, window positions, and finder tags.

historical.","1998: introduced in mac os 8.1 as part of the appleshare ip file sharing protocol.
 1999: added support for storing finder metadata.
 2001: became part of mac os x 10.0 (cheetah).
 2019: macos catalina (10.15) removed the ability to create new `.ds_store` files on network volumes.
 present: remains a hidden file in macos, but its usage has declined with the introduction of icloud syncing for finder settings.

historical era or period:

information age (1970s-present).",/Users/mmadhusudan/Desktop/MyProject/My3DModels/.DS_Store
mont-saint-michel_france.glb,Mont Saint Michel France,Error fetching data.,Era not specified.,/Users/mmadhusudan/Desktop/MyProject/My3DModels/mont-saint-michel_france.glb
ellora_caves__india.glb,Ellora Caves  India,"Description:

the ellora caves are a complex of 34 buddhist, hindu, and jain rock-cut temples and monasteries located in maharashtra, india. the caves are famous for their elaborate sculptures, paintings, and architectural grandeur.

historical.","5th-6th century: excavation of the buddhist caves, including the viharas (monasteries) and chaityas (prayer halls)
 7th-8th century: excavation of the hindu caves, including the kailasa temple, a monolithic temple dedicated to lord shiva
 10th-12th century: excavation of the jain caves, including the indrasabha and jagannatha sabha, dedicated to jain tirthankaras

historical era or period:

the ellora caves belong to the ancient india period, specifically the gupta, chalukya, and rashtrakuta eras.",/Users/mmadhusudan/Desktop/MyProject/My3DModels/ellora_caves__india.glb
cliff_palace_mesa_verde_colorado.glb,Cliff Palace Mesa Verde Colorado,"Cliff palace mesa verde colorado

description:

cliff palace is a massive ancestral puebloan (anasazi) cliff dwelling located in mesa verde national park, colorado. it is the largest and most well-preserved cliff dwelling in north america. the structure contains over 150 rooms, 23 kivas, and a great kiva, all carved into the sheer face of a sandstone cliff.

historical.","C. 550-750 ce: small pit houses are constructed at the base of the cliff.
 c. 750-900 ce: pueblo ii era: larger masonry structures are built, including the first cliff dwellings.
 c. 900-1100 ce: pueblo iii era: cliff palace is expanded and reaches its peak size and complexity.
 c. 1200 ce: puebloans abandon cliff palace and the surrounding area due to severe drought and resource depletion.

historical era/period:

pueblo iii era (c. 900-1100 ce).",/Users/mmadhusudan/Desktop/MyProject/My3DModels/cliff_palace_mesa_verde_colorado.glb
cn_tower_scan_-_toronto.glb,Cn Tower Scan   Toronto,"Cn tower scan toronto

description:

the cn tower scan, located in toronto, canada, is a revolving restaurant perched atop the cn tower, offering panoramic views of the city.

historical.","1973-1976: construction of the cn tower
 early 1980s: opening of the cn tower scan restaurant
 present day: the restaurant continues to operate, offering guests a unique dining experience with breathtaking views.

historical era:

the cn tower scan belongs to the modern architectural era, which spans from the mid-20th century to the present.",/Users/mmadhusudan/Desktop/MyProject/My3DModels/cn_tower_scan_-_toronto.glb
parthenon_-_acropolis_athens_greece (1).glb,Parthenon   Acropolis Athens Greece (1),"Parthenon, acropolis, athens, greece (1)

the parthenon is an ancient temple dedicated to the goddess athena, located on the acropolis of athens, greece. it is considered one of the most important and impressive architectural monuments of the ancient world.

historical.","5th century bc: construction begins during the rule of pericles, during the golden age of athens.
 447 bc: temple completed.
 438 bc: statue of athena parthenos installed inside the temple.
 267 bc: damaged by a fire during an invasion by the heruli.
 2nd/3rd century ad: converted into a christian basilica.
 6th/7th century ad: converted into a mosque.
 15th century ad: converted into a church by the ottomans.
 1687 ad: severely damaged by a venetian bombardment during the ottoman-venetian war.
 19th century ad: restoration efforts begin.
 20th century ad: extensive reconstruction and archaeological surveys conducted.

historical era: classical antiquity (5th-4th centuries bc).",/Users/mmadhusudan/Desktop/MyProject/My3DModels/parthenon_-_acropolis_athens_greece (1).glb
martinskapelle.glb,Martinskapelle,"Martinskapelle

the martinskapelle (saint martin's chapel) is the oldest original structure in the city of cologne, germany.

historical timeline

 presumably 8th century: originally built as a small chapel or oratory dedicated to saint martin of tours.
 948: first documented mention as a collegiate church in a charter of archbishop bruno the great.
 10th-11th century: major expansion and reconstruction, resulting in the present romanesque-gothic structure.
 11th century: tower added.
 15th century: choir rebuilt in gothic style.
 17th-18th century: baroque additions and embellishments.
 1803: secularized and became property of the city of cologne.
 19th century: extensive restorations and improvements.
 1945: heavily damaged in world war ii.
 1950s-1960s: reconstructed and restored to its former glory.

historical era

the martinskapelle belongs primarily to the romanesque era (10th-11th century), with gothic, baroque, and modern elements added over time.",Era not specified.,/Users/mmadhusudan/Desktop/MyProject/My3DModels/martinskapelle.glb
alcatraz.glb,Alcatraz,"Alcatraz

alcatraz, an island located in san francisco bay, california, is renowned for its infamous history as a federal prison. its historical timeline spans several eras:

pre-prison era (1775-1850s):
 1775: initially claimed by spanish explorers as ""la isla de alcatraces.""
 1850s: became a u.s. army fort, serving as a defense against potential enemy attacks.

federal prison era (1934-1963):
 1934: designated as a federal maximum-security prison, housing notorious criminals such as al capone and robert stroud.
 1959-1963: construction of the new cellhouse and expansion of the prison complex.

decommissioning and tourist attraction (1963-present):
 1963: closed as a prison due to high maintenance costs and operational concerns.
 1973: designated as a national historic landmark and opened to the public as a tourist attraction and museum.
 present: continues to operate as a popular destination for tours and historical exploration.",Era not specified.,/Users/mmadhusudan/Desktop/MyProject/My3DModels/alcatraz.glb
shah_alam_blue_mosque.glb,Shah Alam Blue Mosque,"Shah alam blue mosque

description:
the shah alam blue mosque is a stunning blue-tiled mosque located in shah alam, malaysia. it is renowned for its architectural beauty, featuring a large central dome and four minarets, all adorned with intricate blue tiles.

historical.","1982-1988: construction of the mosque began, inspired by the blue mosque in istanbul, turkey.
 1988: the mosque was officially opened by then-prime minister mahathir mohamad.

historical era/period:

the shah alam blue mosque belongs to the contemporary era of islamic architecture, as it was built in the late 20th century. however, its architectural style draws heavily from ottoman and islamic traditions, making it a unique blend of modern and historical influences.",/Users/mmadhusudan/Desktop/MyProject/My3DModels/shah_alam_blue_mosque.glb
statue_of_liberty.glb,Statue Of Liberty,"Statue of liberty

description:

the statue of liberty is a monumental copper statue depicting a woman holding a torch and a book. it was designed by the french sculptor frédéric auguste bartholdi and gifted to the united states by the people of france in 1886.

historical.","Conception (1865):
 proposed by édouard rené de laboulaye during the american civil war.

design and construction (1875-1884):
 bartholdi sculpted the figure and gustave eiffel designed the internal framework.
 constructed in paris, france.

dedication (october 28, 1886):
 officially dedicated in new york harbor as a symbol of freedom, democracy, and opportunity.

historical era or period:
 the statue of liberty belongs to the gilded age of american history (1870-1900).",/Users/mmadhusudan/Desktop/MyProject/My3DModels/statue_of_liberty.glb
alhambra_palace_fortress_granada_spain.glb,Alhambra Palace Fortress Granada Spain,"Alhambra palace fortress, granada, spain

the alhambra, meaning ""red castle"" in arabic, is a magnificent palace fortress located in granada, spain. it was the last stronghold of the moors in the iberian peninsula and is considered one of the finest examples of islamic architecture in the world.

historical.","878-899 ce: construction of a small fortress on the site of the alhambra by the banu nasr dynasty.
 1013 ce: the moorish kingdom of granada is established by the zirid dynasty.
 1238 ce: the nasrid dynasty takes control of granada.
 1248-1354 ce: reign of muhammad i, during which most of the alhambra's major structures were built.
 1354-1427 ce: civil war and decline of the nasrid kingdom.
 1492 ce: granada is conquered by the catholic monarchs, ferdinand and isabella.
 1526 ce: emperor charles v orders the construction of the palace of charles v within the alhambra.
 19th century ce: restoration and conservation efforts begin on the alhambra.

the alhambra belongs to the nasrid era of moorish architecture, which flourished in the 13th and 14th centuries.",/Users/mmadhusudan/Desktop/MyProject/My3DModels/alhambra_palace_fortress_granada_spain.glb
milan_cathedral.glb,Milan Cathedral,"Milan cathedral

milan cathedral, also known as the duomo di milano, is a gothic cathedral located in the center of milan, italy. it is one of the largest and most important churches in the world and is dedicated to the nativity of mary.

historical.","4th-6th century: the site of the cathedral was originally occupied by a roman basilica dedicated to saint tecla.
 9th-10th century: a new basilica was built on the site, dedicated to saint ambrose.
 late 14th-15th century: the current cathedral was begun in 1386 during the gothic period.
 1572: the dome was completed by pellegrino tibaldi.
 17th-18th centuries: various additions and modifications were made to the cathedral, including the facade by francesco croce.
 19th-20th centuries: restoration and preservation work was carried out on the cathedral.
 present day: milan cathedral is a popular tourist destination and remains an important religious site for the archdiocese of milan.

historical era: gothic period.",/Users/mmadhusudan/Desktop/MyProject/My3DModels/milan_cathedral.glb
prague_castle_prague_czech_republic.glb,Prague Castle Prague Czech Republic,"Prague castle, prague, czech republic

prague castle is a sprawling complex of palaces, churches, and towers perched atop a hill overlooking the vltava river in prague, czech republic. it is the largest ancient castle in the world and has been a symbol of czech power and prestige for centuries.

historical.","9th century ad: construction of a wooden fortress on the site.
 10th century ad: the fortress is expanded and renamed ""prague castle.""
 11th-12th centuries ad: the castle becomes the seat of the přemyslid dynasty, who rule bohemia.
 13th century ad: king václav i rebuilds the castle in gothic style.
 14th century ad: emperor charles iv expands the castle and establishes prague as the capital of the holy roman empire.
 16th century ad: the castle is damaged by a fire and rebuilt in renaissance style.
 18th century ad: baroque additions are made to the castle.
 19th century ad: the castle is restored and neo-gothic buildings are added.
 20th and 21st centuries ad: the castle serves as the official residence of the president of the czech republic.

historical era or period:

prague castle spans multiple historical eras, including:

 early middle ages (9th-10th centuries ad)
 high middle ages (10th-13th centuries ad)
 late middle ages (13th-15th centuries ad)
 renaissance (16th century ad)
 baroque (17th-18th centuries ad)
 neo-gothic (19th century ad)
 modern (20th-21st centuries ad).",/Users/mmadhusudan/Desktop/MyProject/My3DModels/prague_castle_prague_czech_republic.glb
jerusalem_1st._temple_period._blmj_museum.glb,Jerusalem 1St. Temple Period. Blmj Museum,"Jerusalem 1st temple period, blmj museum

description:
this museum showcases artifacts and exhibits that provide insights into the period of jerusalem's first temple (c. 1000-586 bce). located in jerusalem, it houses archaeological treasures and interactive experiences that recount the city's history during this pivotal era.

historical.","C. 1000 bce: jerusalem becomes the capital of the united kingdom of israel under king david.
 c. 970 bce: king solomon builds the first temple on mount moriah.
 c. 597 bce: nebuchadnezzar ii, king of babylon, conquers jerusalem and exiles many of its inhabitants.
 586 bce: nebuchadnezzar destroys the first temple and much of jerusalem.
 538 bce: cyrus the great, king of persia, allows the exiled jews to return to jerusalem and rebuild the temple.",/Users/mmadhusudan/Desktop/MyProject/My3DModels/jerusalem_1st._temple_period._blmj_museum.glb
petra_detail.glb,Petra Detail,"Petra detail refers to the intricate rock carvings and architectural details found within the ancient city of petra in jordan. its historical timeline is estimated as follows:

historical era: nabatean period (c. 4th century bc - 106 ad)

 1st century bc - 1st century ad: the nabataeans, an arab nomadic tribe, established petra as their capital. they carved the elaborate facades, tombs, and temples into the surrounding sandstone cliffs.
 106 ad: petra was annexed by the roman empire and became part of the province of arabia petraea.
 2nd-3rd centuries ad: petra flourished as a major roman trading hub.
 4th century ad: the city declined due to the rise of maritime trade and the depletion of its water sources.
 6th-7th centuries ad: petra was abandoned and fell into ruins.
 19th century ad: european explorers rediscovered petra, leading to its excavation and preservation efforts.",Era not specified.,/Users/mmadhusudan/Desktop/MyProject/My3DModels/petra_detail.glb
guggenheim_nyc.glb,Guggenheim Nyc,"Guggenheim nyc

description:
the guggenheim museum, located on manhattan's upper east side, is an iconic architectural masterpiece designed by frank lloyd wright. it houses a renowned collection of modern and contemporary art.

historical.","Historical era/period: 20th century (modern era)

 1937: solomon r. guggenheim establishes the solomon r. guggenheim foundation.
 1943: wright commissions to design the museum building.
 1959: the guggenheim museum opens to the public.
 1965: wright's rotunda is completed.
 2001: the museum undergoes a major renovation.
 present: the guggenheim nyc remains a prominent art institution, showcasing groundbreaking exhibitions and fostering creativity.",/Users/mmadhusudan/Desktop/MyProject/My3DModels/guggenheim_nyc.glb
free__burj_khalifa_dubai.glb,Free  Burj Khalifa Dubai,Free burj khalifa dubai does not exist. there is no historical record or evidence of such a structure or event.,Era not specified.,/Users/mmadhusudan/Desktop/MyProject/My3DModels/free__burj_khalifa_dubai.glb
model_st._basils_cathedral_red_square.glb,Model St. Basils Cathedral Red Square,"Model st. basil's cathedral red square

description:

this intricate model captures the iconic architectural masterpiece of st. basil's cathedral, located in red square, moscow. the model features vibrant colors, ornate domes, and intricate detailing, replicating the cathedral's stunning beauty.

historical.","Construction era: mid-16th century (1555-1561)
 commissioned by tsar ivan iv (ivan the terrible)
 designed by russian architects barma and postnik yakovlev
 built to commemorate the conquest of kazan

historical period:

 russian renaissance.",/Users/mmadhusudan/Desktop/MyProject/My3DModels/model_st._basils_cathedral_red_square.glb
stonehenge_england_-_vr.glb,Stonehenge England   Vr,"Stonehenge england vr: an immersive virtual reality experience that transports users to the iconic prehistoric monument, stonehenge, in england.

historical.","C. 3000 bc (neolithic era): construction of the first circular ditch and bank enclosure
 c. 2600 bc: addition of the first stone circle (sarsen stones)
 c. 2500 bc: addition of the outer circle (bluestones)
 c. 2000 bc (bronze age): further modifications and enhancements
 c. 1500 bc: stonehenge remains in use as a ceremonial and ritual site
 c. 500 bc (iron age): stonehenge is abandoned and falls into disrepair
 17th-18th centuries (early modern period): stonehenge becomes a popular tourist destination.",/Users/mmadhusudan/Desktop/MyProject/My3DModels/stonehenge_england_-_vr.glb
Unknown,Forbidden City Model,"Description:

the forbidden city model is a miniature representation of the actual forbidden city in beijing, china. constructed from wood and bricks, it encompasses over 1,000 structures and was built to a scale of 1:18.

historical.","Estimated historical era: ming dynasty (1368-1644)

possible dates of construction:

 early 15th century: the forbidden city model is believed to have been constructed during the reign of emperor yongle (1402-1424).
 mid-16th century: some historians suggest it may have been built earlier, during the reign of emperor jiajing (1521-1567).

purpose:

the forbidden city model served several purposes:

 educational tool: it was used to teach members of the imperial family about the layout and architecture of the forbidden city.
 symbolic representation: it symbolized the emperor's power and authority over the vast chinese empire.
 architectural record: it provides valuable insights into the design and construction techniques used in the actual forbidden city.",Unknown
pantheon_rome_italy.glb,Pantheon Rome Italy,"Pantheon, rome, italy

description:

the pantheon is an iconic roman temple renowned for its innovative architectural design, featuring a massive concrete dome supported by thick walls. its interior is characterized by a circular cella with a large oculus (circular opening) at its apex, providing natural light.

historical.","Early 1st century ad: original temple possibly built by marcus agrippa, son-in-law of emperor augustus.
 80 ad: temple destroyed by fire.
 118-128 ad: current pantheon constructed and dedicated by emperor hadrian.
 7th century: converted into a christian church.
 15th century: interior decorated with renaissance artwork.
 17th century: restored by pope urban viii, who added a tower that was later removed.
 19th century: archaeological excavations and restoration work conducted.

historical era or period:

roman empire, specifically the flavian period (69-96 ad).",/Users/mmadhusudan/Desktop/MyProject/My3DModels/pantheon_rome_italy.glb
lincoln_memorial.glb,Lincoln Memorial,"Lincoln memorial

description:

the lincoln memorial is a majestic marble monument in washington, d.c., honoring the 16th president of the united states, abraham lincoln. its colossal statue of lincoln sits serenely in the center of a columned chamber, surrounded by inscriptions of his most famous speeches.

historical.","1910: congress authorizes the construction of the memorial.
 1914: groundbreaking ceremony held.
 1922: memorial dedicated by president warren g. harding.
 1963: martin luther king jr.'s ""i have a dream"" speech given at the lincoln memorial during the march on washington.

historical era:

historical era: early 20th century (progressive era).",/Users/mmadhusudan/Desktop/MyProject/My3DModels/lincoln_memorial.glb
cologne_cathedral.glb,Cologne Cathedral,"Cologne cathedral

description:

cologne cathedral is a towering gothic masterpiece located in cologne, germany. with its twin spires reaching over 500 feet, it is the tallest cathedral in germany and one of the most significant architectural landmarks in europe.

historical.","1248: construction begins under archbishop konrad von hochstaden.
 1322: the choir is completed and consecrated.
 1437: work on the nave is suspended due to financial difficulties.
 1842: the completion of the cathedral is authorized by king frederick william iv of prussia.
 1880: the cathedral is finally completed after more than 600 years of construction.

historical era/period:

 gothic period (13th-16th centuries).",/Users/mmadhusudan/Desktop/MyProject/My3DModels/cologne_cathedral.glb
seattle_space_needle.glb,Seattle Space Needle,"Seattle space needle

the seattle space needle is an iconic landmark in the city of seattle, washington, usa. it is a 605-foot (184-meter) observation tower built for the 1962 world's fair.

historical.","1959: edward e. carlson, president of western international hotels, proposed building a permanent structure for the world's fair.
 1961: construction began on the space needle.
 1962: the space needle was completed and opened to the public on april 21, 1962, during the world's fair.
 1963: the space needle received the ""golden globe"" award for its architectural design.
 1983: the space needle was designated a city of seattle landmark.
 2000: the space needle underwent a major renovation to update its exterior and interior.
 2009: the space needle celebrated its 50th anniversary.
 present: the space needle continues to be a popular tourist attraction and symbol of the city of seattle.

historical era:

the seattle space needle belongs to the modern era of architecture, which spanned from the 1920s to the 1970s. modern architecture is characterized by its focus on functionality, simplicity, and the use of new materials and technologies. the space needle is an excellent example of this style, with its sleek lines, minimalist design, and use of innovative materials such as concrete and steel.",/Users/mmadhusudan/Desktop/MyProject/My3DModels/seattle_space_needle.glb
mar_saba_monastery__-rawscan.glb,Mar Saba Monastery   Rawscan,"Mar saba monastery rawscan

the mar saba monastery is an eastern orthodox monastery located in the judean desert of the west bank. it was founded in the 5th century ad by saint sabas the sanctified, and has been continuously inhabited by monks for over 1,500 years.

historical.","5th century ad: founded by saint sabas the sanctified.
 6th century ad: monastery acquired valuable relics, including the head of saint john the baptist.
 7th-8th centuries ad: monastery raided and partially destroyed by arab tribes.
 11th-12th centuries ad: monastery rebuilt and expanded by byzantine emperors.
 13th-15th centuries ad: monastery under the control of the mamluks and later the ottomans.
 16th century ad: monastery acquired by the greek orthodox church.
 19th-20th centuries ad: monastery underwent extensive renovations and expansions.
 present day: monastery remains an active eastern orthodox monastery, with a community of over 20 monks.

historical era:

the mar saba monastery belongs to the early christian and byzantine historical era, which lasted from the 1st century ad to the 7th century ad.",/Users/mmadhusudan/Desktop/MyProject/My3DModels/mar_saba_monastery__-rawscan.glb
leaning_tower_of_pisa.glb,Leaning Tower Of Pisa,"Leaning tower of pisa

the leaning tower of pisa is an iconic bell tower in the italian city of pisa. it is known for its distinctive lean, which is a result of its unstable foundation. the tower is made of white marble and has a total of eight floors. it is 56 meters tall, with a diameter of 15 meters at its base.

historical timeline

 1173: construction begins on the tower.
 1178: the tower begins to lean due to a faulty foundation.
 1275: construction is halted due to the tower's lean.
 1350: construction is resumed, and the tower is completed.
 1990: the tower is closed to the public due to safety concerns.
 1993: a stabilization project is completed, and the tower is reopened to the public.

historical era or period

the leaning tower of pisa belongs to the romanesque period of architecture, which flourished in europe from the 10th to the 12th centuries. the tower's distinctive lean is a result of the uneven settlement of its foundation, which is made of soft, sandy soil.",Era not specified.,/Users/mmadhusudan/Desktop/MyProject/My3DModels/leaning_tower_of_pisa.glb
himeji_castle_himeji_hyogo_japan.glb,Himeji Castle Himeji Hyogo Japan,"Himeji castle

himeji castle, located in himeji, hyogo prefecture, japan, is a majestic fortress renowned for its elegant white exterior and intricate architectural design. it dates back to the sengoku period (1467-1615) and has witnessed a rich historical timeline:

- 1346: the first castle, himeyama castle, was constructed on the site.
- 1545: the castle was destroyed during a battle and rebuilt by yamana toyokazu.
- 1581: the castle was captured by toyotomi hideyoshi's forces.
- 1601: ikeda terumasa was appointed lord of the castle and began an extensive reconstruction project.
- 1609: the reconstruction was completed, giving the castle its current form and design.
- 1617: ikeda tadafusa, terumasa's son, became lord of the castle.
- 1649: the castle was passed to the matsudaira clan.
- 1868: the castle was seized by the meiji government.
- 1912: the castle was designated a national treasure of japan.
- 1993: the castle was designated a unesco world heritage site.

today, himeji castle stands as a testament to japan's architectural prowess and serves as a popular tourist attraction. its white plaster walls and intricate rooflines have earned it the nickname ""white heron castle."".",Era not specified.,/Users/mmadhusudan/Desktop/MyProject/My3DModels/himeji_castle_himeji_hyogo_japan.glb
mesa_verde_national_park.glb,Mesa Verde National Park,"Mesa verde national park

mesa verde national park preserves the remnants of the ancestral puebloan culture, who inhabited the area from approximately 600 ad to 1300 ad.","600 ad: ancestral puebloans begin farming and building cliff dwellings and other structures.
 1000 ad: the culture reaches its peak, with the construction of large villages and elaborate kivas.
 1150 ad: the ancestral puebloans begin experiencing a drought and other environmental challenges.
 1250 ad: the ancestral puebloans abandon their settlements at mesa verde, possibly due to climate change and conflict with other groups.

historical era:

mesa verde national park belongs to the pre-columbian era of american history, specifically the period known as the ancestral puebloan period (c. 600 ad - 1300 ad).",/Users/mmadhusudan/Desktop/MyProject/My3DModels/mesa_verde_national_park.glb
tower_bridge.glb,Tower Bridge,"Tower bridge

description:
tower bridge is an iconic drawbridge spanning the river thames in london, england. it consists of two 213-foot-tall stone towers connected by two movable bascules that can be lifted to allow tall ships to pass through. the towers have victorian gothic-style architecture and are clad in cornish limestone and granite.

historical.","1872-1884: construction period
 1894: official opening by prince edward, prince of wales
 1910: electrically powered hydraulic system installed
 1932: motor vehicles allowed to cross the upper footbridge
 1952: bridge reopened after extensive repairs following world war ii
 1977: listed as a grade i structure by historic england
 1982: tower bridge exhibition opens inside the towers
 late 19th century: historical era/period - victorian era.",/Users/mmadhusudan/Desktop/MyProject/My3DModels/tower_bridge.glb
laitse_radio_station.glb,Laitse Radio Station,"Laitse radio station

description:

laitse radio station was an experimental shortwave radio station established by the estonian military in 1922. it was one of the earliest radio stations in the world and played a crucial role in the development of radio communication in estonia.

historical.","1922: established by the estonian military.
 1923: broadcast its first signal on 560 meters.
 1926: moved to a new location with a more powerful transmitter.
 1927: began broadcasting regular programs.
 1930s: played a significant role in the estonian war of independence (1918-1920).
 1940s: seized by the soviet union during world war ii.
 1991: estonia regained independence and laitse radio station was restored.
 present: operates as a radio museum.

historical era:

interwar period (1918-1939).",/Users/mmadhusudan/Desktop/MyProject/My3DModels/laitse_radio_station.glb
arc_de_triomphe.glb,Arc De Triomphe,"Arc de triomphe

the arc de triomphe is a monumental triumphal arch in paris, france. it was commissioned by emperor napoleon bonaparte in 1806 to commemorate the victories of the grande armée. it was designed by jean chalgrin and completed in 1836.

historical.","1806: napoleon declares the construction of the arc de triomphe.
 1811: foundation stone is laid.
 1814: paris falls to the allies, who rename the arch as ""arc de triomphe de la paix"" (arch of triumph of peace).
 1836: the arch is completed under king louis-philippe i.
 1840: remains of napoleon are interred beneath the arch.
 1885: a bronze statue of the goddess of victory is placed on top of the arch.
 1919: the first victory parade takes place on the champs-élysées, passing under the arch.
 1920s-1930s: the arch becomes a symbol of french nationalism.
 1940-1944: the arch is occupied by the nazis during world war ii.
 1945: victory parade is held under the arch after the end of world war ii.
 1989: the arch is wrapped in fabric by artists christo and jeanne-claude.
 present: the arc de triomphe remains a prominent landmark and tourist attraction in paris.

historical era:

the arc de triomphe belongs to the neoclassical period (c. 1750-1820), characterized by its inspiration from ancient greek and roman architecture.",/Users/mmadhusudan/Desktop/MyProject/My3DModels/arc_de_triomphe.glb
cave_hotel_cappadocia.glb,Cave Hotel Cappadocia,"Cave hotel cappadocia

description:

cave hotel cappadocia is a unique and charming boutique hotel located in the heart of cappadocia, turkey. the hotel comprises several historic cave dwellings that have been meticulously restored and renovated to provide luxurious accommodations for guests. each suite is spacious and elegantly decorated, featuring private bathrooms, cozy fireplaces, and panoramic views of the surrounding valleys.

historical.","The caves inhabited by the hotel date back to the roman period (1st century bc - 5th century ad), and possibly even earlier. the region of cappadocia has a rich history of human habitation, with people first settling in the area as early as the neolithic period (10,000 - 8,000 bc).

historical era or period:

the caves that now house the hotel likely saw their most extensive use as dwellings and storage spaces during the byzantine period (5th - 15th century ad). it is possible that some of the caves were also used as religious sanctuaries or churches during this time.

timeline summary:

 neolithic period (10,000 - 8,000 bc): first settlements in cappadocia
 roman period (1st century bc - 5th century ad): construction of the caves
 byzantine period (5th - 15th century ad): extensive use of caves as dwellings and religious spaces
 21st century: restoration and transformation into a luxury hotel.",/Users/mmadhusudan/Desktop/MyProject/My3DModels/cave_hotel_cappadocia.glb
arc_de_triomphe_-_portal.glb,Arc De Triomphe   Portal,"Arc de triomphe portal:

description: a monumental triumphal arch located in paris, france, commemorating the victories of the french army under napoleon bonaparte.

historical.","Construction: 1806-1836
 inauguration: 1836
 historical era: first french empire (1804-1814)
 historical significance:
     symbolizes napoleon bonaparte's military victories and national pride.
     became a focal point for celebrations and parades.
     remained an enduring symbol of french military glory and architecture.
 current status: a national monument and major tourist destination.",/Users/mmadhusudan/Desktop/MyProject/My3DModels/arc_de_triomphe_-_portal.glb
vatican_and_st._peter_basilica.glb,Vatican And St. Peter Basilica,"Vatican and st. peter's basilica

the vatican city is an independent city-state surrounded by rome and is the smallest country in the world by both area and population. it is the seat of the roman catholic church, the spiritual and administrative center of the catholic church.

the vatican city was founded in 1929 by the lateran treaty between the holy see and the kingdom of italy. the treaty established the vatican city as an independent state, and it has been recognized as such by most countries since then.

st. peter's basilica is a large, ornate basilica located in the vatican city. it is one of the most important pilgrimage sites for catholics around the world. it is believed that st. peter was buried in the basilica, which was built over his tomb.

the construction of st. peter's basilica began in the 16th century, and it was completed in the early 17th century. the basilica is a masterpiece of renaissance and baroque architecture, and it is one of the most visited tourist attractions in the world.

historical timeline

 4th century ad: the original st. peter's basilica is built by emperor constantine.
 1506: construction of the new st. peter's basilica begins under pope julius ii.
 1626: the new st. peter's basilica is completed.
 1929: the lateran treaty establishes the vatican city as an independent state.

the vatican and st. peter's basilica belong to the renaissance and baroque historical periods, which can be dated approximately from 1400 to 1750.",Era not specified.,/Users/mmadhusudan/Desktop/MyProject/My3DModels/vatican_and_st._peter_basilica.glb
cathedral_of_santa_maria_del_fiore.glb,Cathedral Of Santa Maria Del Fiore,"Cathedral of santa maria del fiore

the cathedral of santa maria del fiore, also known as the duomo, is a masterpiece of italian gothic architecture located in florence, italy.

historical.","Early 13th century: construction began in 1294 under the patronage of the arte della lana (wool guild).
 early 14th century: arnolfo di cambio designed the octagonal dome.
 mid-14th century: work on the dome was suspended due to lack of funding.
 14th century: the nave, aisles, and transepts were completed.
 early 15th century: filippo brunelleschi designed and built the innovative double-shelled dome.
 mid-15th century: the dome was completed.
 late 15th century: the façade was added.
 late 16th century: the lantern atop the dome was added.
 19th century: the cathedral underwent extensive restoration.

historical era:

the cathedral of santa maria del fiore belongs to the gothic period, which extended from the 12th to the 16th centuries. this period was characterized by pointed arches, ribbed vaults, and the use of flying buttresses to support tall structures.",/Users/mmadhusudan/Desktop/MyProject/My3DModels/cathedral_of_santa_maria_del_fiore.glb
palace_of_versailles.glb,Palace Of Versailles,"## palace of versailles

the palace of versailles is an iconic monument of french history, renowned for its grandeur and opulence. it was built as a royal hunting lodge by king louis xiii in the 17th century and was gradually expanded and embellished by his son, louis xiv, who transformed it into an extravagant palace fit for a king.

historical.","1624: louis xiii builds a small hunting lodge at versailles.
 1662: louis xiv begins major construction and renovations, turning the lodge into a lavish palace.
 1682: the palace is officially inaugurated and becomes the main residence of the french court.
 1710: the palace of versailles reaches its peak of grandeur and opulence under louis xiv.
 1789: the outbreak of the french revolution forces the royal family to abandon versailles.
 1793: the palace is converted into a museum and opened to the public.
 1837: the palace is restored and redecorated to its former glory under king louis-philippe i.
 1919: the treaty of versailles is signed in the hall of mirrors, ending world war i.
 1979: unesco declares the palace of versailles a world heritage site.

historical era:

the palace of versailles primarily belongs to the ancien régime or the early modern era, which lasted from the 16th to the 18th centuries. it embodies the height of the french monarchy and the absolutist rule of louis xiv, who sought to assert his divine right and centralize power around the palace.",/Users/mmadhusudan/Desktop/MyProject/My3DModels/palace_of_versailles.glb
saint_basils_cathedral_3d_model.glb,Saint Basils Cathedral 3D Model,"Saint basil's cathedral 3d model

this detailed 3d model captures the iconic architecture of saint basil's cathedral in moscow, russia.

historical.","1555-1561: construction by ivan the terrible to commemorate the conquest of kazan and astrakhan.
 16th century: completed with its distinctive colorful domes and onion-shaped towers.
 17th-18th centuries: renovations and additions, including the addition of a new dome and bell tower.
 19th century: restored by architect konstantin thon.
 20th century: survived the soviet era and was declared a unesco world heritage site.
 present: remains a prominent landmark and a symbol of russian culture and architecture.

historical era:

 russian renaissance (1547-1682).",/Users/mmadhusudan/Desktop/MyProject/My3DModels/saint_basils_cathedral_3d_model.glb
moai_easter_island_statue.glb,Moai Easter Island Statue,"Moai easter island statue

the moai are enigmatic stone monoliths carved by the rapa nui people of easter island in the southeastern pacific ocean.

historical.","1100-1680 ce: rapa nui people begin carving moai.
 1400-1650 ce: moai construction reaches its peak.
 1700-1850 ce: european arrival and subsequent raids lead to a decline in moai carving.
 1865-1867: epidemics and slave raids decimate the rapa nui population.
 1888: easter island is annexed by chile.
 1955: thor heyerdahl's kon-tiki expedition reignites interest in moai.
 1995: unesco declares easter island a world heritage site.

historical era:

the moai belong to the pre-columbian polynesian era, specifically the late prehistory period (1100-1680 ce).",/Users/mmadhusudan/Desktop/MyProject/My3DModels/moai_easter_island_statue.glb
mt_rushmore.glb,Mt Rushmore,"Mount rushmore

historical.","1889: sculptor gutzon borglum envisions carving a monument to american presidents into the black hills of south dakota.
 1923: borglum begins working on the project, with financial support from the federal government.
 1924: borglum carves the face of george washington.
 1927: borglum completes the carving of thomas jefferson.
 1930: abraham lincoln's face is finished.
 1933: theodore roosevelt's face is completed.
 1934: congress formally establishes mount rushmore national memorial.
 1936: modifications to the carving continue under the direction of borglum's son, lincoln borglum.
 1939: mount rushmore is dedicated by president franklin d. roosevelt.
 1941: lincoln borglum completes the final sculpting of mount rushmore.

historical era:

 progressive era (late 19th to early 20th century): a period of social and political reforms aimed at addressing industrialization and urbanization. mount rushmore reflects the progressive era's interest in promoting american patriotism and national identity.",/Users/mmadhusudan/Desktop/MyProject/My3DModels/mt_rushmore.glb
the_great_sphinx_of_giza.glb,The Great Sphinx Of Giza,"Description:

the great sphinx of giza is a human-headed lion statue renowned for its monumental scale and enigmatic expression. carved from a single limestone bedrock, it stands guard over the giza necropolis, a vast complex of pyramids and tombs. the sphinx's body resembles a lion, symbolizing power and majesty, while its human head is believed to represent pharaoh khafre.

historical.","C. 2558-2532 bce (old kingdom):

 constructed during the reign of pharaoh khafre, along with the pyramid of khafre.
 the sphinx was likely an integral part of the mortuary temple of khafre's pyramid.

c. 2150-2055 bce (first intermediate period):

 the sphinx endured significant erosion and weathering.

c. 1458-1292 bce (new kingdom):

 pharaoh thutmose iv ordered repairs to the sphinx, restoring its nose and beard.
 the sphinx gained a reputation as a powerful deity and became a site of worship.

c. 640-650 ce (arab conquest):

 muslim conquerors destroyed the sphinx's nose, possibly as a symbol of its false god status.

1817-1828 ce (european exploration):

 european travelers began excavating the sphinx, removing large amounts of sand around its base.

1920s-1930s ce (restoration):

 extensive restoration efforts were undertaken to stabilize and preserve the sphinx.

present day:

 the great sphinx of giza remains one of the most iconic monuments in the world, attracting visitors and scholars alike.",/Users/mmadhusudan/Desktop/MyProject/My3DModels/the_great_sphinx_of_giza.glb
petronas_towers_voxel.glb,Petronas Towers Voxel,"Petronas towers voxel is a 3d voxel model of the petronas twin towers, designed by argentinian artist tomas saraceno. the artwork was created in 2017 and is part of saraceno's ""aerocene"" series, which explores the potential of sustainable and eco-friendly air travel. the petronas towers voxel is composed of over 100,000 individual voxels, each of which represents a different shade of blue. the artwork is suspended from the ceiling and slowly rotates, creating a mesmerizing and immersive experience for viewers.

historical era or period:

the petronas towers voxel belongs to the contemporary art period, which encompasses artworks created from the 1960s to the present day. contemporary art is characterized by its emphasis on experimentation, innovation, and a departure from traditional artistic conventions. saraceno's petronas towers voxel is a prime example of contemporary art, as it utilizes advanced technology and explores themes of sustainability and environmentalism.",Era not specified.,/Users/mmadhusudan/Desktop/MyProject/My3DModels/petronas_towers_voxel.glb
pyramid_of_menkaure_giza_pyramid_complex_egypt.glb,Pyramid Of Menkaure Giza Pyramid Complex Egypt,"Pyramid of menkaure (mycerinus)

 location: giza pyramid complex, egypt
 dimensions: height: 66 m (217 ft)
 volume: 2,900,000 cubic meters

historical.","Construction period: c. 2532-2503 bce
 historical era: old kingdom of egypt (fourth dynasty)

significance:

 built as the tomb of pharaoh menkaure, the last king of the fourth dynasty.
 notably smaller than the pyramids of khufu and khafre, reflecting a decline in resources or ambition.
 made of limestone with a pink granite casing that was later stripped away.
 contains an antechamber, burial chamber, and several other smaller chambers.
 the mortuary temple and causeway associated with the pyramid were never completed.",/Users/mmadhusudan/Desktop/MyProject/My3DModels/pyramid_of_menkaure_giza_pyramid_complex_egypt.glb
petronas_twin_towers.glb,Petronas Twin Towers,"About the petronas twin towers:

the petronas twin towers, located in kuala lumpur, malaysia, are identical 88-story skyscrapers that stand at a height of 451.9 meters (1,483 feet). the towers were designed by argentine-american architect cesar pelli and completed in 1998.

historical.","20th century:

 1991: construction begins on the petronas twin towers.
 1994: the towers are topped out, making them the tallest buildings in the world at the time.
 1998: the petronas twin towers are officially opened.

historical era or period:

the petronas twin towers belong to the late 20th century architectural era, characterized by a focus on modern design, advanced construction techniques, and skyscrapers.",/Users/mmadhusudan/Desktop/MyProject/My3DModels/petronas_twin_towers.glb
golden_gate_bridge.glb,Golden Gate Bridge,"Golden gate bridge

the golden gate bridge is a suspension bridge spanning the golden gate strait in san francisco, california. it is one of the most iconic landmarks in the world and is widely recognized for its striking orange color.

historical.","1923: joseph b. strauss begins lobbying for a bridge to be built across the golden gate strait.
 1933: construction begins on the bridge.
 1937: the bridge is completed and opened to traffic.
 1964: the bridge is added to the national register of historic places.
 1987: the bridge is painted with its signature orange color.

historical era:

the golden gate bridge was built during the great depression, a period of economic hardship in the united states. it is a testament to the resilience of the american people and their ability to overcome adversity.",/Users/mmadhusudan/Desktop/MyProject/My3DModels/golden_gate_bridge.glb
tour_eiffel_-_eiffel_tower.glb,Tour Eiffel   Eiffel Tower,"Tour eiffel (eiffel tower)

description:
the eiffel tower is a lattice tower located in paris, france. it is named after gustave eiffel, the engineer who designed it. the tower is 330 meters (1,083 feet) tall, and its construction was completed in 1889. it has become one of the most iconic landmarks in the world and a popular tourist destination.

historical.","1884: the idea for the eiffel tower was conceived as the centerpiece of a planned international exposition to celebrate the centennial of the french revolution.
 1886: gustave eiffel and his engineering team began construction on the tower.
 1889: the eiffel tower was completed and opened to the public as the centerpiece of the universal exposition of 1889, which celebrated the 100th anniversary of the french revolution.
 1906: the tower was temporarily used as a radiotelegraph station.
 1909: the eiffel tower was first illuminated by electric lights.
 1925: the first elevators were installed in the tower.
 1935: the eiffel tower was declared a historical monument.
 1986: the tower was renovated and repainted.
 2022: the eiffel tower underwent major renovations and improvements to enhance its accessibility and sustainability.

historical era:
the eiffel tower was built during the industrial revolution and belongs to the victorian era.",/Users/mmadhusudan/Desktop/MyProject/My3DModels/tour_eiffel_-_eiffel_tower.glb
taj_mahal_3d_model.glb,Taj Mahal 3D Model,"Taj mahal 3d model:

the taj mahal 3d model is a digital recreation of the iconic mausoleum in agra, india. it provides a detailed and immersive experience of the monument's intricate architecture, lavish interiors, and surrounding gardens.

historical.","Construction: 1632-1653 ce
 reign of emperor shah jahan: mughal empire, 1628-1658 ce
 completed: under the supervision of ustad ahmad lahauri, persian architect

historical era:

the taj mahal is a symbol of the mughal empire's architectural grandeur and belongs to the era of islamic medieval architecture in india. it was built during the reign of emperor shah jahan as a memorial for his beloved wife, mumtaz mahal.",/Users/mmadhusudan/Desktop/MyProject/My3DModels/taj_mahal_3d_model.glb
colosseum_rome_italy.glb,Colosseum Rome Italy,"Description of colosseum rome italy:

the colosseum, an iconic amphitheater in rome, italy, is an architectural masterpiece known for its grand scale and advanced construction techniques. it is the largest amphitheater ever built and remains one of the most recognizable structures in the world.

historical.","C. 70-80 ce: construction of the colosseum is initiated by emperor vespasian of the flavian dynasty.
 80 ce: the colosseum is inaugurated by vespasian's son, emperor titus, with elaborate gladiatorial contests.
 later flavian period: titus's brother, domitian, makes modifications to the colosseum, adding a retractable awning and strengthening the structure.
 later roman empire: the colosseum continues to be used for gladiatorial contests, animal hunts, and other spectacles until the 6th century ce.
 middle ages: the colosseum is used as a fortification and a quarry for building materials.
 renaissance period: the colosseum becomes a symbol of roman history and a popular tourist destination.
 modern era: in the 19th and 20th centuries, the colosseum undergoes extensive restorations to preserve its ancient grandeur.

historical era or period:

the colosseum belongs primarily to the flavian period of roman history (69-96 ce). its construction and early use coincide with the reign of emperor vespasian, titus, and domitian. however, it continued to be used and modified throughout the later roman empire and beyond, influencing subsequent architectural and cultural developments.",/Users/mmadhusudan/Desktop/MyProject/My3DModels/colosseum_rome_italy.glb
christ_the_redeemer_rio_de_janeiro.glb,Christ The Redeemer Rio De Janeiro,"Christ the redeemer, rio de janeiro

description:

christ the redeemer is a colossal statue of jesus christ perched atop corcovado mountain overlooking rio de janeiro, brazil. constructed of reinforced concrete and soapstone, it stands at 98 feet (30 meters) tall.

historical.","1920s: idea for a religious monument on corcovado mountain conceived.
 1922: construction begins on the pedestal, designed by heitor da silva costa.
 1927-1931: statue designed by french sculptor paul landowski and built in france.
 1931: statue arrives in rio and is assembled on the pedestal.
 october 12, 1931: christ the redeemer is inaugurated, becoming an iconic symbol of brazil and catholicism.
 1980: statue damaged by lightning and vandalism.
 1990: statue undergoes major restoration.
 2007: christ the redeemer is chosen as one of the new seven wonders of the world.
 2010: statue is fitted with led lighting, allowing for dynamic color displays.

historical era or period:

the construction of christ the redeemer occurred during the modernist era (early 20th century), which witnessed a surge in technological advancements and a shift towards simplicity and functionality in design.",/Users/mmadhusudan/Desktop/MyProject/My3DModels/christ_the_redeemer_rio_de_janeiro.glb
palace_of_westminster.glb,Palace Of Westminster,"Palace of westminster

the palace of westminster, also known as the houses of parliament, is a historic building located in london, england. it serves as the meeting place for both the house of commons and the house of lords, the two chambers of the parliament of the united kingdom.

historical.","C. 1042-1216: edward the confessor constructs a royal palace on the site.
 1295-1308: king edward i builds a great hall, which becomes the first permanent seat of parliament.
 14th-16th centuries: numerous additions and extensions, including westminster hall and st. stephen's chapel.
 1547: the palace is largely destroyed by fire.
 1548-1603: reconstruction and restoration by sir christopher wren.
 1690: another major fire destroys most of the palace.
 1698-1716: wren designs and builds a new palace in the baroque style.
 19th century: extensive rebuilding and renovations, including the construction of the iconic victoria tower.
 1911-1913: a fire in the house of commons prompts further renovations.
 1941: the palace is extensively damaged during the blitz.
 1950s-1960s: restoration and rebuilding continues.

historical era:

the palace of westminster belongs primarily to the medieval and renaissance periods, with later additions and renovations in the baroque, georgian and victorian eras.",/Users/mmadhusudan/Desktop/MyProject/My3DModels/palace_of_westminster.glb
sw_angkor_entrance_2.glb,Sw Angkor Entrance 2,"Site description:

sw angkor entrance 2 is an ancient stone gateway located at the eastern entrance of the angkor thom walled city in cambodia. it marks the entrance to the royal palace and other important structures within the city.

historical.","12th century (angkorian period): the gateway was likely constructed during the reign of king jayavarman vii (r. 1181-1218) as part of his extensive renovation and expansion of angkor thom.
 13th-15th centuries (angkorian period): the gateway was used as an important ceremonial entrance to the royal palace and the city proper.
 16th century (post-angkorian period): the gateway became part of the abandoned angkor ruins after the fall of the khmer empire in the 15th century.
 19th-20th centuries (modern period): the gateway was restored and cleared of vegetation during the french colonial period and later by the cambodian government.",/Users/mmadhusudan/Desktop/MyProject/My3DModels/sw_angkor_entrance_2.glb
the_charterhouse_chapel.glb,The Charterhouse Chapel,"The charterhouse chapel is a grade i listed chapel located in the charterhouse, a former monastery and now a public school in london. it was built in the 14th century and is one of the best surviving examples of medieval monastic architecture in england. the chapel is a large and imposing building, with a nave and chancel, and a tower at the west end. it is notable for its fine stained glass windows, which date from the 14th, 15th, and 16th centuries.

historical timeline:

 1349: the chapel was founded by sir walter manny, a close friend of king edward iii.
 1371: the chapel was consecrated by the bishop of winchester.
 1539: the charterhouse was dissolved by king henry viii.
 1541: the chapel was sold to thomas howard, duke of norfolk.
 1591: the chapel was purchased by thomas sutton, the founder of charterhouse school.
 1611: the chapel was restored and rededicated.
 1842: the chapel was extensively restored by sir george gilbert scott.
 1941: the chapel was damaged by a bomb during the second world war.
 1951: the chapel was restored and rededicated.

the charterhouse chapel is a magnificent example of medieval monastic architecture, and is one of the most important historical buildings in london. it is a reminder of the city's rich history, and is a popular tourist destination.",Era not specified.,/Users/mmadhusudan/Desktop/MyProject/My3DModels/the_charterhouse_chapel.glb
cour_du_chateau_de_chambord.glb,Cour Du Chateau De Chambord,"Cour du château de chambord

the cour du château de chambord is a monumental courtyard within the château de chambord, an iconic renaissance castle in the loire valley, france.

historical.","Early 16th century (c. 1519-1547):
     king francis i begins construction of the castle.
     the courtyard is designed as the grand entrance to the castle.

 late 16th century (c. 1560-1589):
     the courtyard is completed under king charles ix.

 17th century:
     the castle and courtyard are used as a royal residence for hunting and entertainment.

 18th century:
     the castle is neglected and falls into disrepair.

 19th century (1821):
     king louis-philippe i restores the castle and courtyard.

 20th century:
     the castle and courtyard become a national monument in 1930.

 21st century:
     the cour du château de chambord is a popular tourist destination, known for its impressive scale and architectural details.

historical era or period:

the cour du château de chambord belongs to the renaissance era of architecture (c. 14th - 17th century). it exemplifies the grandeur and symmetry that characterized this period, with its vast dimensions, elaborate archways, and intricate ornamentation.",/Users/mmadhusudan/Desktop/MyProject/My3DModels/cour_du_chateau_de_chambord.glb
elizabeth_tower_big_ben.glb,Elizabeth Tower Big Ben,"Elizabeth tower big ben

 description: a clock tower attached to the north end of the palace of westminster in london, housing a large bell known as big ben. it is a cultural icon of the united kingdom.

historical timeline

 1288: a clock tower known as the clock house existed on the site.
 1368: the clock house was rebuilt.
 1698: the clock house was destroyed by fire.
 1707: a new clock tower was erected, housing a new clock with a bell.
 1834: the new clock tower was damaged by fire.
 1843: the present clock tower, designed by charles barry and augustus pugin, was completed.
 1859: the bell known as big ben was installed.
 1983-1984: the clock tower underwent major renovations.
 2017-2022: the clock tower was closed for extensive restoration work.

historical era/period

elizabeth tower big ben belongs to the victorian era (1837-1901), as it was completed and the bell was installed during this period. the original clock tower dates back to the medieval period, while the present tower is an example of neo-gothic architecture.",Era not specified.,/Users/mmadhusudan/Desktop/MyProject/My3DModels/elizabeth_tower_big_ben.glb
candi_prambanan_low_poly.glb,Candi Prambanan Low Poly,"Candi prambanan low poly

the video game asset ""candi prambanan low poly"" is a three-dimensional model of the prambanan temple complex in indonesia, created using a low-polygonal style.

historical.","8th century ce:
 construction of the original prambanan temple by the syailendra dynasty.

9th century ce:
 expansion of the temple by the sanjaya dynasty.

10th century ce:
 sacking and destruction of prambanan by the srivijaya kingdom.

16th century ce:
 rediscovery and exploration of the ruins.

1950s ce:
 restoration and reconstruction of the temple complex.

2020s ce:
 creation of the ""candi prambanan low poly"" video game asset.

historical era:
the original construction of prambanan belongs to the mataram era (8th-10th centuries ce) of ancient javanese history. however, the video game asset is a modern creation, representing a much later historical period.",/Users/mmadhusudan/Desktop/MyProject/My3DModels/candi_prambanan_low_poly.glb
casa_dello_scheletro_at_herculaneum.glb,Casa Dello Scheletro At Herculaneum,"Casa dello scheletro (house of the skeleton) at herculaneum

the casa dello scheletro is a well-preserved ancient roman house located in the archaeological site of herculaneum, near naples, italy. it is believed to belong to the 1st century ce, during the roman empire.

historical.","1st century ce: the house is built during the reign of the roman emperor nero.
 79 ce: the eruption of mount vesuvius buries herculaneum in ash and pumice, preserving the house and its contents.
 1709: the house is discovered during excavations.
 1739: the remains of a skeleton are found in the house, giving it its name.
 19th century: the house is restored and opened to the public.
 present: the casa dello scheletro remains a popular tourist destination, showcasing the daily life and architecture of a roman villa in the 1st century ce.",/Users/mmadhusudan/Desktop/MyProject/My3DModels/casa_dello_scheletro_at_herculaneum.glb
palace_of_the_popes_avignon_france.glb,Palace Of The Popes Avignon France,"Palace of the popes, avignon, france

historical.","14th century (gothic period):

 c. 1334: construction begins under pope benedict xii
 c. 1342: palace completed
 1353: pope innocent vi arrives in avignon and resides in the palace

15th century (early renaissance):

 1403: palace becomes the residence of the antipopes clement vii and benedict xiii
 1408: urban v attempts to return the papacy to rome, but the antipopes remain in avignon
 1415: council of constance deposes the antipopes and ends the western schism

16th century (late renaissance):

 1533: avignon and the palace are annexed by france
 1598: palace becomes a prison
 1791: palace is sold during the french revolution

19th century (gothic revival):

 1879: palace is purchased by the french government
 1906: palace is restored and opened to the public as a historical monument

historical era or period:

 avignon papacy (1309-1423).",/Users/mmadhusudan/Desktop/MyProject/My3DModels/palace_of_the_popes_avignon_france.glb
buckingham_palace.glb,Buckingham Palace,"Buckingham palace

buckingham palace is the official london residence of the british monarch. it is a large, detached palace in the city of westminster, in central london. the palace is a national icon and a symbol of the british monarchy.

historical timeline

 1703-1705: buckingham house is built by the duke of buckingham.
 1761: king george iii purchases buckingham house as a private residence for his wife, queen charlotte.
 1762-1775: buckingham house is enlarged and extensively remodeled by sir william chambers.
 1825: king george iv commissions john nash to transform buckingham house into a palace.
 1837: queen victoria becomes the first monarch to live in buckingham palace.
 1847: the east and west wings are added to the palace.
 1913: the grand entrance is added to the palace.
 1940-1945: the palace is damaged by german bombs during world war ii.
 1952-1962: the palace is extensively restored and remodeled.
 present: buckingham palace remains the official london residence of the british monarch.

buckingham palace belongs to the georgian period, which lasted from 1714 to 1837. the palace was remodeled and extended by john nash in the 1820s and 1830s, when king george iv was on the throne.",Era not specified.,/Users/mmadhusudan/Desktop/MyProject/My3DModels/buckingham_palace.glb
brandenburg_gate_germany.glb,Brandenburg Gate Germany,"Brandenburg gate germany

the brandenburg gate is a monumental 18th-century neoclassical triumphal arch in berlin, germany. it is the only remaining city gate from the former berlin city fortifications and was built on the site of a former city gate that marked the start of the road from berlin to the town of brandenburg an der havel.

historical.","Late 17th century: first city gate is built on the site.
 1788-1791: current brandenburg gate is built as a triumphal arch by king frederick william ii of prussia.
 1806: napoleon bonaparte triumphantly enters berlin through the gate.
 1814: prussian troops return to berlin and parade through the gate.
 1848-1849: the gate becomes a symbol of german unification during the revolutions of 1848.
 1918: the gate is decorated with a temporary quadriga, a chariot drawn by four horses.
 1933-1945: the gate becomes a nazi symbol during the third reich.
 1945: the gate is heavily damaged during the battle of berlin.
 1956-1957: the quadriga is restored and placed back on the gate.
 1961-1989: the brandenburg gate stands on the border between east and west berlin during the cold war.
 1989: the berlin wall falls, and the brandenburg gate becomes a symbol of german reunification.
 1997: the gate is designated a landmark in the unesco world heritage site ""museumsinsel (museum island), berlin"".

historical era or period:

neoclassicism (18th century).",/Users/mmadhusudan/Desktop/MyProject/My3DModels/brandenburg_gate_germany.glb
intipunku_peru.glb,Intipunku Peru,"Intipunku peru

description:

intipunku, meaning ""sun gate"" in quechua, is an archaeological site in peru, located at the entrance to machu picchu. it is a stone gateway carved into a mountain, offering a spectacular view of the ruins below.

historical.","Inca empire (1438-1533 ad):
     intipunku was constructed during the reign of pachacuti inca yupanqui.
     it served as the ceremonial entrance to machu picchu, a sacred city dedicated to the sun god inti.
     the incas believed that the gate marked the transition from the profane to the sacred realm.

post-inca period:

 spanish conquest (1532-1572 ad):
     the spanish conquistadors likely discovered intipunku, but it was largely forgotten for centuries.
 1911 ad:
     hiram bingham, an american explorer, rediscovered machu picchu and intipunku.
 present day:
     intipunku is one of the most iconic landmarks of machu picchu and a popular destination for tourists.",/Users/mmadhusudan/Desktop/MyProject/My3DModels/intipunku_peru.glb
petronas_towers.glb,Petronas Towers,"Petronas towers

the petronas towers are twin skyscrapers in kuala lumpur, malaysia. they were the tallest buildings in the world from 1998 to 2004 and remain the tallest twin towers in the world.

historical timeline

 1992: construction begins.
 1996: structural completion.
 1998: towers officially open.
 2004: taipei 101 completed, becoming the new tallest building in the world.
 2019: petronas towers undergo a major renovation.

historical era or period

the petronas towers belong to the contemporary architecture era (late 20th century to present).",Era not specified.,/Users/mmadhusudan/Desktop/MyProject/My3DModels/petronas_towers.glb
edinburgh_castle_and_cubic_buildings_-_scotland.glb,Edinburgh Castle And Cubic Buildings   Scotland,"Edinburgh castle and cubic buildings, scotland

edinburgh castle is a historic fortress perched on castle rock overlooking the city of edinburgh, scotland. the castle has a rich and storied past, dating back to the early middle ages. the cubic buildings within the castle walls were constructed in the victorian era.

historical.","Medieval period:

 6th century ad: castle rock first fortified
 11th century ad: king david i builds a royal castle on the site

renaissance period:

 15th century ad: castle becomes the royal residence of the stewart kings
 16th century ad: great hall and other buildings constructed
 1611 ad: james vi of scotland (later james i of england) builds the cubic buildings

modern period:

 17th century ad: castle used as a military garrison
 18th century ad: castle becomes a tourist attraction
 19th century ad: cubic buildings restored
 20th century ad: castle used as a military base during world war ii
 present day: castle is a popular tourist destination and historic monument.",/Users/mmadhusudan/Desktop/MyProject/My3DModels/edinburgh_castle_and_cubic_buildings_-_scotland.glb
the_louvre.glb,The Louvre,"Description:

the louvre, located in paris, france, is the world's largest and most visited art museum. it is housed in the former royal palace, the louvre palace. the louvre's vast collection spans over 8,000 years of art history, with masterpieces from around the globe.

historical.","12th century: the louvre palace was originally a medieval fortress built by king philip ii.
 16th century: king francis i converted the fortress into a royal residence and began collecting art.
 17th century: king louis xiv expanded the louvre and established the royal academy of painting and sculpture.
 18th century: the louvre became a public museum during the french revolution.
 19th century: the louvre underwent significant renovations and expansions, including the addition of the iconic glass pyramid.
 20th century: the louvre continued to acquire new works of art and host major exhibitions.
 present-day: the louvre remains one of the world's most iconic and important cultural institutions.

historical era:

the louvre belongs to various historical eras, including:

 medieval period: construction of the fortress.
 renaissance period: conversion into a royal residence.
 baroque period: expansion and establishment of the royal academy.
 neoclassical period: museum status and significant renovations.
 modern and contemporary period: continued growth and development.",/Users/mmadhusudan/Desktop/MyProject/My3DModels/the_louvre.glb
